{"cameraMode":{"drawMode":0,"name":"Shaded","section":"Shading Mode"},"sceneLighting":true,"audioPlay":false,"sceneViewState":{"m_AlwaysRefresh":false,"showFog":true,"showSkybox":true,"showFlares":true,"showImageEffects":true,"showParticleSystems":true,"showVisualEffectGraphs":true,"m_FxEnabled":true},"in2DMode":false,"pivot":{"x":0.9525822401046753,"y":-0.10454881191253662,"z":-0.6388263702392578},"rotation":{"x":-0.05824853107333183,"y":0.9417514204978943,"z":-0.23376847803592683,"w":-0.234657883644104},"size":0.6879463195800781,"orthographic":false}